Designator,Footprint,Quantity,Value,LCSC Part #
A1,YD-ESP32-S3,1,YD-ESP32-S3,
"C1, C2",0805,2,10uF,
C3,0805,1,0.1uF,
J1,Molex_SPOX_5267-03A_1x03_P2.50mm_Vertical,1,IR1,
"J10, J9",Molex_SPOX_5267-08A_1x08_P2.50mm_Vertical,2,Conn_01x08,
J11,Molex_SPOX_5267-04A_1x04_P2.50mm_Vertical,1,AS7341_1,
J12,Molex_SPOX_5267-04A_1x04_P2.50mm_Vertical,1,AS7341_2,
"J13, J16",Molex_SPOX_5267-06A_1x06_P2.50mm_Vertical,2,Conn_01x06,
J14,Molex_SPOX_5267-04A_1x04_P2.50mm_Vertical,1,AS7341_3,
J15,Molex_SPOX_5267-04A_1x04_P2.50mm_Vertical,1,AS7341_4,
J17,Molex_SPOX_5267-02A_1x02_P2.50mm_Vertical,1,SW1,
J18,Molex_SPOX_5267-02A_1x02_P2.50mm_Vertical,1,SW2,
"J19, J20, J21",Molex_SPOX_5267-04A_1x04_P2.50mm_Vertical,3,UART,
J2,Molex_SPOX_5267-03A_1x03_P2.50mm_Vertical,1,IR2,
J3,Molex_SPOX_5267-03A_1x03_P2.50mm_Vertical,1,IR3,
J4,Molex_SPOX_5267-03A_1x03_P2.50mm_Vertical,1,IR4,
J5,AMASS_XT30U-M_1x02_P5.0mm_Vertical,1,Conn_01x02,
J6,Molex_SPOX_5267-02A_1x02_P2.50mm_Vertical,1,Conn_01x02,
J7,Molex_SPOX_5267-03A_1x03_P2.50mm_Vertical,1,IR5,
J8,Molex_SPOX_5267-03A_1x03_P2.50mm_Vertical,1,IR6,
R1,0603,1,100K,
"R10, R5, R6, R9",0603,4,470,
"R11, R13",0603,2,6.8K,
"R12, R14",0603,2,4.7K,
"R15, R16, R17, R2",0603,4,10K,
"R3, R4, R7, R8",0603,4,1K,
"U1, U2",XL4015,2,~,
U3,SOT-223-3_TabPin2,1,AMS1117-3.3,
U4,TSSOP-24_4.4x7.8mm_P0.65mm,1,TCA9548APWR,
U5,MPU6050,1,~,
