Designator,Mid X,Mid Y,Rotation,Layer
A1,89.91416,-102.108,0.0,top
C1,59.944,-68.072,90.0,bottom
C2,70.104,-68.072,270.0,bottom
C3,61.214,-53.086,270.0,bottom
H1,56.0,-48.0,0.0,top
H2,111.0,-48.0,0.0,top
H3,56.0,-128.0,0.0,top
H4,111.0,-128.0,0.0,top
J1,68.62,-81.278,0.0,top
J10,111.76,-110.336,270.0,top
J11,79.696,-48.006,0.0,top
J12,93.546,-48.006,0.0,top
J13,105.019,-63.654,270.0,top
J14,79.83,-54.61,0.0,top
J15,93.546,-54.61,0.0,top
J16,111.252,-63.654,270.0,top
J17,56.75,-82.0,180.0,top
J18,56.75,-90.0,180.0,top
J19,56.759,-110.744,270.0,top
J2,68.62,-88.238,0.0,top
J20,93.666,-64.262,0.0,top
J21,79.944477,-64.262,0.0,top
J3,68.62,-95.198,0.0,top
J4,68.62,-102.158,0.0,top
J5,67.27,-128.016,0.0,top
J6,104.14,-48.534,270.0,top
J7,68.62,-109.118,0.0,top
J8,68.62,-116.078,0.0,top
J9,111.506,-85.23,270.0,top
R1,72.39,-122.174,90.0,top
R10,105.918,-115.57,90.0,top
R11,98.552,-67.297,90.0,bottom
R12,100.584,-67.297,90.0,bottom
R13,98.552,-70.599,90.0,bottom
R14,100.584,-70.599,90.0,bottom
R15,65.786,-57.404,90.0,bottom
R16,63.5,-57.404,90.0,bottom
R17,61.214,-49.022,90.0,bottom
R2,74.422,-122.174,270.0,top
R3,107.696,-79.248,270.0,top
R4,107.696,-83.045,270.0,top
R5,105.918,-79.248,90.0,top
R6,105.918,-83.058,90.0,top
R7,107.696,-111.76,270.0,top
R8,107.696,-115.57,270.0,top
R9,105.918,-111.76,90.0,top
U1,81.026,-85.612,180.0,bottom
U2,81.026,-111.012,180.0,bottom
U3,65.024,-65.786,270.0,bottom
U4,67.31,-51.054,180.0,bottom
U5,55.88,-53.34,270.0,top
