file,candidate_count,best_bbox,best_score,best_green_score,best_highlight_ratio,image,full_mask,best_mask,debug,review
20221027_082639.jpg,1,"34,597,97,116",0.808,0.747,0.000,dataset\green_cylinder_preprocessed_defaults\images\20221027_082639.jpg,dataset\green_cylinder_preprocessed_defaults\full_masks\20221027_082639_full_mask.png,dataset\green_cylinder_preprocessed_defaults\best_candidate_masks\20221027_082639_best_mask.png,dataset\green_cylinder_preprocessed_defaults\debug\20221027_082639_debug.jpg,dataset\green_cylinder_preprocessed_defaults\review\20221027_082639_review.jpg
20221027_082753.jpg,1,"71,245,62,65",0.723,0.753,0.056,dataset\green_cylinder_preprocessed_defaults\images\20221027_082753.jpg,dataset\green_cylinder_preprocessed_defaults\full_masks\20221027_082753_full_mask.png,dataset\green_cylinder_preprocessed_defaults\best_candidate_masks\20221027_082753_best_mask.png,dataset\green_cylinder_preprocessed_defaults\debug\20221027_082753_debug.jpg,dataset\green_cylinder_preprocessed_defaults\review\20221027_082753_review.jpg
20221027_114146.jpg,3,"362,169,174,223",0.950,0.839,0.150,dataset\green_cylinder_preprocessed_defaults\images\20221027_114146.jpg,dataset\green_cylinder_preprocessed_defaults\full_masks\20221027_114146_full_mask.png,dataset\green_cylinder_preprocessed_defaults\best_candidate_masks\20221027_114146_best_mask.png,dataset\green_cylinder_preprocessed_defaults\debug\20221027_114146_debug.jpg,dataset\green_cylinder_preprocessed_defaults\review\20221027_114146_review.jpg
20221027_114153.jpg,1,"331,161,171,184",0.817,0.726,0.122,dataset\green_cylinder_preprocessed_defaults\images\20221027_114153.jpg,dataset\green_cylinder_preprocessed_defaults\full_masks\20221027_114153_full_mask.png,dataset\green_cylinder_preprocessed_defaults\best_candidate_masks\20221027_114153_best_mask.png,dataset\green_cylinder_preprocessed_defaults\debug\20221027_114153_debug.jpg,dataset\green_cylinder_preprocessed_defaults\review\20221027_114153_review.jpg
20221027_114202.jpg,1,"271,137,152,224",0.994,0.853,0.024,dataset\green_cylinder_preprocessed_defaults\images\20221027_114202.jpg,dataset\green_cylinder_preprocessed_defaults\full_masks\20221027_114202_full_mask.png,dataset\green_cylinder_preprocessed_defaults\best_candidate_masks\20221027_114202_best_mask.png,dataset\green_cylinder_preprocessed_defaults\debug\20221027_114202_debug.jpg,dataset\green_cylinder_preprocessed_defaults\review\20221027_114202_review.jpg
20221027_114250.jpg,1,"218,87,158,238",0.986,0.857,0.043,dataset\green_cylinder_preprocessed_defaults\images\20221027_114250.jpg,dataset\green_cylinder_preprocessed_defaults\full_masks\20221027_114250_full_mask.png,dataset\green_cylinder_preprocessed_defaults\best_candidate_masks\20221027_114250_best_mask.png,dataset\green_cylinder_preprocessed_defaults\debug\20221027_114250_debug.jpg,dataset\green_cylinder_preprocessed_defaults\review\20221027_114250_review.jpg
20221027_134830.jpg,2,"368,512,63,93",0.831,0.793,0.015,dataset\green_cylinder_preprocessed_defaults\images\20221027_134830.jpg,dataset\green_cylinder_preprocessed_defaults\full_masks\20221027_134830_full_mask.png,dataset\green_cylinder_preprocessed_defaults\best_candidate_masks\20221027_134830_best_mask.png,dataset\green_cylinder_preprocessed_defaults\debug\20221027_134830_debug.jpg,dataset\green_cylinder_preprocessed_defaults\review\20221027_134830_review.jpg
20221027_135029.jpg,0,,,,,dataset\green_cylinder_preprocessed_defaults\images\20221027_135029.jpg,dataset\green_cylinder_preprocessed_defaults\full_masks\20221027_135029_full_mask.png,dataset\green_cylinder_preprocessed_defaults\best_candidate_masks\20221027_135029_best_mask.png,dataset\green_cylinder_preprocessed_defaults\debug\20221027_135029_debug.jpg,dataset\green_cylinder_preprocessed_defaults\review\20221027_135029_review.jpg
20221027_141912.jpg,1,"259,171,128,169",0.898,0.761,0.042,dataset\green_cylinder_preprocessed_defaults\images\20221027_141912.jpg,dataset\green_cylinder_preprocessed_defaults\full_masks\20221027_141912_full_mask.png,dataset\green_cylinder_preprocessed_defaults\best_candidate_masks\20221027_141912_best_mask.png,dataset\green_cylinder_preprocessed_defaults\debug\20221027_141912_debug.jpg,dataset\green_cylinder_preprocessed_defaults\review\20221027_141912_review.jpg
20221027_141934.jpg,1,"344,61,132,188",0.951,0.778,0.015,dataset\green_cylinder_preprocessed_defaults\images\20221027_141934.jpg,dataset\green_cylinder_preprocessed_defaults\full_masks\20221027_141934_full_mask.png,dataset\green_cylinder_preprocessed_defaults\best_candidate_masks\20221027_141934_best_mask.png,dataset\green_cylinder_preprocessed_defaults\debug\20221027_141934_debug.jpg,dataset\green_cylinder_preprocessed_defaults\review\20221027_141934_review.jpg
20221027_142005.jpg,1,"381,111,122,184",0.933,0.802,0.007,dataset\green_cylinder_preprocessed_defaults\images\20221027_142005.jpg,dataset\green_cylinder_preprocessed_defaults\full_masks\20221027_142005_full_mask.png,dataset\green_cylinder_preprocessed_defaults\best_candidate_masks\20221027_142005_best_mask.png,dataset\green_cylinder_preprocessed_defaults\debug\20221027_142005_debug.jpg,dataset\green_cylinder_preprocessed_defaults\review\20221027_142005_review.jpg
20221027_142104.jpg,1,"263,203,125,159",0.889,0.824,0.019,dataset\green_cylinder_preprocessed_defaults\images\20221027_142104.jpg,dataset\green_cylinder_preprocessed_defaults\full_masks\20221027_142104_full_mask.png,dataset\green_cylinder_preprocessed_defaults\best_candidate_masks\20221027_142104_best_mask.png,dataset\green_cylinder_preprocessed_defaults\debug\20221027_142104_debug.jpg,dataset\green_cylinder_preprocessed_defaults\review\20221027_142104_review.jpg
20221027_142355.jpg,1,"230,251,172,217",0.950,0.725,0.006,dataset\green_cylinder_preprocessed_defaults\images\20221027_142355.jpg,dataset\green_cylinder_preprocessed_defaults\full_masks\20221027_142355_full_mask.png,dataset\green_cylinder_preprocessed_defaults\best_candidate_masks\20221027_142355_best_mask.png,dataset\green_cylinder_preprocessed_defaults\debug\20221027_142355_debug.jpg,dataset\green_cylinder_preprocessed_defaults\review\20221027_142355_review.jpg
20221027_142634.jpg,1,"283,48,142,193",0.962,0.827,0.018,dataset\green_cylinder_preprocessed_defaults\images\20221027_142634.jpg,dataset\green_cylinder_preprocessed_defaults\full_masks\20221027_142634_full_mask.png,dataset\green_cylinder_preprocessed_defaults\best_candidate_masks\20221027_142634_best_mask.png,dataset\green_cylinder_preprocessed_defaults\debug\20221027_142634_debug.jpg,dataset\green_cylinder_preprocessed_defaults\review\20221027_142634_review.jpg
20221027_142644.jpg,1,"127,0,207,195",0.799,0.641,0.063,dataset\green_cylinder_preprocessed_defaults\images\20221027_142644.jpg,dataset\green_cylinder_preprocessed_defaults\full_masks\20221027_142644_full_mask.png,dataset\green_cylinder_preprocessed_defaults\best_candidate_masks\20221027_142644_best_mask.png,dataset\green_cylinder_preprocessed_defaults\debug\20221027_142644_debug.jpg,dataset\green_cylinder_preprocessed_defaults\review\20221027_142644_review.jpg
20221027_142945.jpg,1,"248,0,176,232",0.968,0.810,0.034,dataset\green_cylinder_preprocessed_defaults\images\20221027_142945.jpg,dataset\green_cylinder_preprocessed_defaults\full_masks\20221027_142945_full_mask.png,dataset\green_cylinder_preprocessed_defaults\best_candidate_masks\20221027_142945_best_mask.png,dataset\green_cylinder_preprocessed_defaults\debug\20221027_142945_debug.jpg,dataset\green_cylinder_preprocessed_defaults\review\20221027_142945_review.jpg
20221027_143041.jpg,2,"344,130,192,234",0.906,0.714,0.068,dataset\green_cylinder_preprocessed_defaults\images\20221027_143041.jpg,dataset\green_cylinder_preprocessed_defaults\full_masks\20221027_143041_full_mask.png,dataset\green_cylinder_preprocessed_defaults\best_candidate_masks\20221027_143041_best_mask.png,dataset\green_cylinder_preprocessed_defaults\debug\20221027_143041_debug.jpg,dataset\green_cylinder_preprocessed_defaults\review\20221027_143041_review.jpg
KakaoTalk_20211110_133221291_01.jpg,3,"213,1040,161,194",0.858,0.717,0.026,dataset\green_cylinder_preprocessed_defaults\images\KakaoTalk_20211110_133221291_01.jpg,dataset\green_cylinder_preprocessed_defaults\full_masks\KakaoTalk_20211110_133221291_01_full_mask.png,dataset\green_cylinder_preprocessed_defaults\best_candidate_masks\KakaoTalk_20211110_133221291_01_best_mask.png,dataset\green_cylinder_preprocessed_defaults\debug\KakaoTalk_20211110_133221291_01_debug.jpg,dataset\green_cylinder_preprocessed_defaults\review\KakaoTalk_20211110_133221291_01_review.jpg
KakaoTalk_20211110_133221291_02.jpg,2,"266,127,43,48",0.709,0.730,0.049,dataset\green_cylinder_preprocessed_defaults\images\KakaoTalk_20211110_133221291_02.jpg,dataset\green_cylinder_preprocessed_defaults\full_masks\KakaoTalk_20211110_133221291_02_full_mask.png,dataset\green_cylinder_preprocessed_defaults\best_candidate_masks\KakaoTalk_20211110_133221291_02_best_mask.png,dataset\green_cylinder_preprocessed_defaults\debug\KakaoTalk_20211110_133221291_02_debug.jpg,dataset\green_cylinder_preprocessed_defaults\review\KakaoTalk_20211110_133221291_02_review.jpg
KakaoTalk_20220726_033758780.jpg,1,"137,374,420,489",0.890,0.689,0.047,dataset\green_cylinder_preprocessed_defaults\images\KakaoTalk_20220726_033758780.jpg,dataset\green_cylinder_preprocessed_defaults\full_masks\KakaoTalk_20220726_033758780_full_mask.png,dataset\green_cylinder_preprocessed_defaults\best_candidate_masks\KakaoTalk_20220726_033758780_best_mask.png,dataset\green_cylinder_preprocessed_defaults\debug\KakaoTalk_20220726_033758780_debug.jpg,dataset\green_cylinder_preprocessed_defaults\review\KakaoTalk_20220726_033758780_review.jpg
KakaoTalk_20220726_033758780_02.jpg,3,"0,37,186,213",0.926,0.858,0.046,dataset\green_cylinder_preprocessed_defaults\images\KakaoTalk_20220726_033758780_02.jpg,dataset\green_cylinder_preprocessed_defaults\full_masks\KakaoTalk_20220726_033758780_02_full_mask.png,dataset\green_cylinder_preprocessed_defaults\best_candidate_masks\KakaoTalk_20220726_033758780_02_best_mask.png,dataset\green_cylinder_preprocessed_defaults\debug\KakaoTalk_20220726_033758780_02_debug.jpg,dataset\green_cylinder_preprocessed_defaults\review\KakaoTalk_20220726_033758780_02_review.jpg
KakaoTalk_20220726_033758780_11.jpg,3,"600,127,113,149",0.764,0.509,0.051,dataset\green_cylinder_preprocessed_defaults\images\KakaoTalk_20220726_033758780_11.jpg,dataset\green_cylinder_preprocessed_defaults\full_masks\KakaoTalk_20220726_033758780_11_full_mask.png,dataset\green_cylinder_preprocessed_defaults\best_candidate_masks\KakaoTalk_20220726_033758780_11_best_mask.png,dataset\green_cylinder_preprocessed_defaults\debug\KakaoTalk_20220726_033758780_11_debug.jpg,dataset\green_cylinder_preprocessed_defaults\review\KakaoTalk_20220726_033758780_11_review.jpg
KakaoTalk_20220726_033758780_12.jpg,1,"259,180,44,50",0.734,0.837,0.141,dataset\green_cylinder_preprocessed_defaults\images\KakaoTalk_20220726_033758780_12.jpg,dataset\green_cylinder_preprocessed_defaults\full_masks\KakaoTalk_20220726_033758780_12_full_mask.png,dataset\green_cylinder_preprocessed_defaults\best_candidate_masks\KakaoTalk_20220726_033758780_12_best_mask.png,dataset\green_cylinder_preprocessed_defaults\debug\KakaoTalk_20220726_033758780_12_debug.jpg,dataset\green_cylinder_preprocessed_defaults\review\KakaoTalk_20220726_033758780_12_review.jpg
KakaoTalk_20220726_033758780_16.jpg,2,"355,140,16,19",0.741,0.839,0.000,dataset\green_cylinder_preprocessed_defaults\images\KakaoTalk_20220726_033758780_16.jpg,dataset\green_cylinder_preprocessed_defaults\full_masks\KakaoTalk_20220726_033758780_16_full_mask.png,dataset\green_cylinder_preprocessed_defaults\best_candidate_masks\KakaoTalk_20220726_033758780_16_best_mask.png,dataset\green_cylinder_preprocessed_defaults\debug\KakaoTalk_20220726_033758780_16_debug.jpg,dataset\green_cylinder_preprocessed_defaults\review\KakaoTalk_20220726_033758780_16_review.jpg
KakaoTalk_20220726_033758780_17.jpg,2,"266,127,43,48",0.714,0.732,0.043,dataset\green_cylinder_preprocessed_defaults\images\KakaoTalk_20220726_033758780_17.jpg,dataset\green_cylinder_preprocessed_defaults\full_masks\KakaoTalk_20220726_033758780_17_full_mask.png,dataset\green_cylinder_preprocessed_defaults\best_candidate_masks\KakaoTalk_20220726_033758780_17_best_mask.png,dataset\green_cylinder_preprocessed_defaults\debug\KakaoTalk_20220726_033758780_17_debug.jpg,dataset\green_cylinder_preprocessed_defaults\review\KakaoTalk_20220726_033758780_17_review.jpg
KakaoTalk_20220726_033758780_18.jpg,1,"141,293,29,29",0.558,0.542,0.004,dataset\green_cylinder_preprocessed_defaults\images\KakaoTalk_20220726_033758780_18.jpg,dataset\green_cylinder_preprocessed_defaults\full_masks\KakaoTalk_20220726_033758780_18_full_mask.png,dataset\green_cylinder_preprocessed_defaults\best_candidate_masks\KakaoTalk_20220726_033758780_18_best_mask.png,dataset\green_cylinder_preprocessed_defaults\debug\KakaoTalk_20220726_033758780_18_debug.jpg,dataset\green_cylinder_preprocessed_defaults\review\KakaoTalk_20220726_033758780_18_review.jpg
KakaoTalk_20220726_033758780_21.jpg,1,"269,146,190,270",0.993,0.816,0.000,dataset\green_cylinder_preprocessed_defaults\images\KakaoTalk_20220726_033758780_21.jpg,dataset\green_cylinder_preprocessed_defaults\full_masks\KakaoTalk_20220726_033758780_21_full_mask.png,dataset\green_cylinder_preprocessed_defaults\best_candidate_masks\KakaoTalk_20220726_033758780_21_best_mask.png,dataset\green_cylinder_preprocessed_defaults\debug\KakaoTalk_20220726_033758780_21_debug.jpg,dataset\green_cylinder_preprocessed_defaults\review\KakaoTalk_20220726_033758780_21_review.jpg
KakaoTalk_20220726_033758780_22.jpg,2,"333,0,97,81",0.773,0.805,0.008,dataset\green_cylinder_preprocessed_defaults\images\KakaoTalk_20220726_033758780_22.jpg,dataset\green_cylinder_preprocessed_defaults\full_masks\KakaoTalk_20220726_033758780_22_full_mask.png,dataset\green_cylinder_preprocessed_defaults\best_candidate_masks\KakaoTalk_20220726_033758780_22_best_mask.png,dataset\green_cylinder_preprocessed_defaults\debug\KakaoTalk_20220726_033758780_22_debug.jpg,dataset\green_cylinder_preprocessed_defaults\review\KakaoTalk_20220726_033758780_22_review.jpg
KakaoTalk_20220726_033758780_24.jpg,3,"277,119,116,149",0.960,0.842,0.107,dataset\green_cylinder_preprocessed_defaults\images\KakaoTalk_20220726_033758780_24.jpg,dataset\green_cylinder_preprocessed_defaults\full_masks\KakaoTalk_20220726_033758780_24_full_mask.png,dataset\green_cylinder_preprocessed_defaults\best_candidate_masks\KakaoTalk_20220726_033758780_24_best_mask.png,dataset\green_cylinder_preprocessed_defaults\debug\KakaoTalk_20220726_033758780_24_debug.jpg,dataset\green_cylinder_preprocessed_defaults\review\KakaoTalk_20220726_033758780_24_review.jpg
KakaoTalk_20220726_033758780_25.jpg,1,"291,0,97,112",0.904,0.833,0.000,dataset\green_cylinder_preprocessed_defaults\images\KakaoTalk_20220726_033758780_25.jpg,dataset\green_cylinder_preprocessed_defaults\full_masks\KakaoTalk_20220726_033758780_25_full_mask.png,dataset\green_cylinder_preprocessed_defaults\best_candidate_masks\KakaoTalk_20220726_033758780_25_best_mask.png,dataset\green_cylinder_preprocessed_defaults\debug\KakaoTalk_20220726_033758780_25_debug.jpg,dataset\green_cylinder_preprocessed_defaults\review\KakaoTalk_20220726_033758780_25_review.jpg
KakaoTalk_20221029_121850943_03.jpg,3,"243,0,82,122",0.858,0.896,0.085,dataset\green_cylinder_preprocessed_defaults\images\KakaoTalk_20221029_121850943_03.jpg,dataset\green_cylinder_preprocessed_defaults\full_masks\KakaoTalk_20221029_121850943_03_full_mask.png,dataset\green_cylinder_preprocessed_defaults\best_candidate_masks\KakaoTalk_20221029_121850943_03_best_mask.png,dataset\green_cylinder_preprocessed_defaults\debug\KakaoTalk_20221029_121850943_03_debug.jpg,dataset\green_cylinder_preprocessed_defaults\review\KakaoTalk_20221029_121850943_03_review.jpg
SE-62d0b426-7e7d-4e7b-88f7-065f9ddd68bc.png,3,"344,325,30,41",0.791,0.917,0.000,dataset\green_cylinder_preprocessed_defaults\images\SE-62d0b426-7e7d-4e7b-88f7-065f9ddd68bc.jpg,dataset\green_cylinder_preprocessed_defaults\full_masks\SE-62d0b426-7e7d-4e7b-88f7-065f9ddd68bc_full_mask.png,dataset\green_cylinder_preprocessed_defaults\best_candidate_masks\SE-62d0b426-7e7d-4e7b-88f7-065f9ddd68bc_best_mask.png,dataset\green_cylinder_preprocessed_defaults\debug\SE-62d0b426-7e7d-4e7b-88f7-065f9ddd68bc_debug.jpg,dataset\green_cylinder_preprocessed_defaults\review\SE-62d0b426-7e7d-4e7b-88f7-065f9ddd68bc_review.jpg
